{
  "workflow_type": "comprehensive_demo",
  "timestamp": "2025-07-17T14:41:37.444348",
  "request": "Email Router System Implementation",
  "steps": [
    {
      "step": "task_routing",
      "agent": "RoutingAgent",
      "output": "\nROUTING ANALYSIS REPORT\n\nPrimary Agent Recommendation: ProjectManagerAgent (Confidence: 0.92)\n\nTask Analysis:\n- Task Type: Complex software development project\n- Domain: Project management with technical implementation\n- Complexity: High (multi-component system with integration requirements)\n- Multi-agent coordination: Required\n\nRecommended Workflow:\n1. ProjectManagerAgent for overall project orchestration\n2. ActionPlanningAgent for detailed implementation planning\n3. KnowledgeAugmentedPromptAgent for technical best practices\n4. EvaluationAgent for quality assurance\n\nAlternative Routing Options:\n- ActionPlanningAgent (Confidence: 0.78) - For implementation-focused approach\n- KnowledgeAugmentedPromptAgent (Confidence: 0.71) - For technical expertise focus\n\nExpected Outcomes:\n- Comprehensive project plan with timeline and milestones\n- Technical architecture recommendations\n- Risk assessment and mitigation strategies\n- Resource allocation and team coordination plan\n            ",
      "confidence": 0.92
    },
    {
      "step": "knowledge_enhancement",
      "agent": "KnowledgeAugmentedPromptAgent",
      "output": "\nENHANCED PROJECT REQUIREMENTS WITH DOMAIN KNOWLEDGE\n\nEmail Router System - Enhanced with Software Development Best Practices\n\nTechnical Architecture Recommendations:\n- Microservices architecture for scalability\n- Event-driven design for real-time processing\n- API-first approach for integration capabilities\n- Cloud-native deployment (AWS/Azure)\n\nDevelopment Methodology:\n- Agile/Scrum framework with 2-week sprints\n- DevOps practices with CI/CD pipeline\n- Test-driven development (TDD) approach\n- Code review and quality gates\n\nTechnology Stack Recommendations:\n- Backend: Python/FastAPI or Node.js/Express\n- Message Queue: Redis or RabbitMQ\n- Database: PostgreSQL for metadata, Redis for caching\n- Email Processing: IMAP/POP3 libraries\n- ML/AI: scikit-learn for classification, spaCy for NLP\n\nSecurity Considerations:\n- OAuth 2.0 for authentication\n- End-to-end encryption for email content\n- GDPR compliance for data handling\n- Rate limiting and DDoS protection\n\nIntegration Requirements:\n- REST APIs for project management tools\n- Webhook support for real-time notifications\n- LDAP/Active Directory integration\n- Audit logging and compliance reporting\n            ",
      "confidence": 0.88
    },
    {
      "step": "project_management_analysis",
      "agent": "ProjectManagerAgent",
      "output": "\nCOMPREHENSIVE PROJECT MANAGEMENT PLAN\nEmail Router System for InnovateNext Solutions\n\nPROJECT OVERVIEW\nObjective: Implement an intelligent email routing system to automate project-related email distribution and improve team productivity.\n\nSCOPE DEFINITION\nIn Scope:\n- Email ingestion and parsing system\n- AI-powered classification and routing engine\n- Integration with existing PM tools (Jira, Asana)\n- Analytics dashboard and reporting\n- User management and configuration interface\n\nOut of Scope:\n- Email client development\n- Migration of historical emails\n- Integration with external email providers beyond standard protocols\n\nPROJECT TIMELINE (6 months)\nPhase 1: Foundation (Months 1-2)\n- Requirements finalization and architecture design\n- Development environment setup\n- Core email processing infrastructure\n- Basic classification algorithms\n\nPhase 2: Core Development (Months 3-4)\n- AI/ML model development and training\n- Routing engine implementation\n- Integration with PM tools\n- User interface development\n\nPhase 3: Integration & Testing (Month 5)\n- System integration testing\n- Performance optimization\n- Security testing and compliance validation\n- User acceptance testing\n\nPhase 4: Deployment & Launch (Month 6)\n- Production deployment\n- User training and documentation\n- Go-live support and monitoring\n- Post-launch optimization\n\nRESOURCE ALLOCATION\nTeam Structure:\n- 1 Technical Project Manager (full-time)\n- 1 Product Manager (50% allocation)\n- 2 Senior Backend Developers (full-time)\n- 2 Frontend Developers (full-time)\n- 1 ML/AI Engineer (full-time)\n- 1 DevOps Engineer (75% allocation)\n- 1 QA Engineer (full-time)\n\nBudget Estimate: $480,000 - $600,000\n\nRISK ASSESSMENT\nHigh Risks:\n- Email classification accuracy below 85%\n- Integration complexity with legacy PM systems\n- Performance issues with high email volumes\n\nMedium Risks:\n- Team member availability conflicts\n- Third-party API limitations\n- Security compliance requirements\n\nMitigation Strategies:\n- Prototype development for early validation\n- Phased integration approach\n- Performance testing from early stages\n- Regular security reviews and audits\n\nSUCCESS METRICS\n- Email routing accuracy: >90%\n- Processing time: <30 seconds per email\n- System uptime: >99.5%\n- User adoption rate: >80% within 3 months\n- Reduction in manual email routing: >75%\n            ",
      "confidence": 0.91
    },
    {
      "step": "detailed_action_planning",
      "agent": "ActionPlanningAgent",
      "output": "\nDETAILED ACTION PLAN\nEmail Router System Implementation\n\nPHASE 1: FOUNDATION (Weeks 1-8)\n\nWeek 1-2: Project Initiation\n\u25a1 Stakeholder kickoff meeting\n\u25a1 Requirements gathering workshops\n\u25a1 Technical architecture review\n\u25a1 Development environment setup\n\u25a1 Team onboarding and role assignments\n\nWeek 3-4: System Design\n\u25a1 Database schema design\n\u25a1 API specification development\n\u25a1 UI/UX wireframes and mockups\n\u25a1 Security architecture planning\n\u25a1 Integration points identification\n\nWeek 5-6: Infrastructure Setup\n\u25a1 Cloud environment provisioning\n\u25a1 CI/CD pipeline configuration\n\u25a1 Monitoring and logging setup\n\u25a1 Development tools installation\n\u25a1 Code repository structure creation\n\nWeek 7-8: Core Development Start\n\u25a1 Email ingestion module development\n\u25a1 Basic parsing and validation logic\n\u25a1 Database models implementation\n\u25a1 Authentication system setup\n\u25a1 Initial unit tests development\n\nPHASE 2: CORE DEVELOPMENT (Weeks 9-16)\n\nWeek 9-10: ML Model Development\n\u25a1 Training data collection and preparation\n\u25a1 Email classification model training\n\u25a1 Model evaluation and optimization\n\u25a1 Integration with email processing pipeline\n\u25a1 Performance benchmarking\n\nWeek 11-12: Routing Engine\n\u25a1 Routing logic implementation\n\u25a1 Rule engine development\n\u25a1 Priority and escalation handling\n\u25a1 Notification system integration\n\u25a1 Error handling and recovery\n\nWeek 13-14: PM Tool Integration\n\u25a1 Jira API integration\n\u25a1 Asana API integration\n\u25a1 Custom webhook development\n\u25a1 Data synchronization logic\n\u25a1 Integration testing\n\nWeek 15-16: User Interface\n\u25a1 Admin dashboard development\n\u25a1 User configuration interface\n\u25a1 Analytics and reporting views\n\u25a1 Mobile-responsive design\n\u25a1 Accessibility compliance\n\nPHASE 3: INTEGRATION & TESTING (Weeks 17-20)\n\nWeek 17-18: System Integration\n\u25a1 End-to-end integration testing\n\u25a1 Performance load testing\n\u25a1 Security penetration testing\n\u25a1 Data migration testing\n\u25a1 Backup and recovery testing\n\nWeek 19-20: User Acceptance\n\u25a1 UAT environment setup\n\u25a1 User training material creation\n\u25a1 Feedback collection and analysis\n\u25a1 Bug fixes and improvements\n\u25a1 Go-live readiness assessment\n\nPHASE 4: DEPLOYMENT (Weeks 21-24)\n\nWeek 21-22: Production Deployment\n\u25a1 Production environment setup\n\u25a1 Gradual rollout strategy\n\u25a1 Monitoring and alerting configuration\n\u25a1 Performance optimization\n\u25a1 Documentation finalization\n\nWeek 23-24: Launch Support\n\u25a1 Go-live support and monitoring\n\u25a1 User training sessions\n\u25a1 Issue resolution and hotfixes\n\u25a1 Performance monitoring and tuning\n\u25a1 Post-launch optimization\n\nDEPENDENCIES AND CRITICAL PATH\nCritical Dependencies:\n1. Email server access and permissions\n2. PM tool API access and rate limits\n3. ML training data availability\n4. Security compliance approval\n5. User acceptance and training completion\n\nResource Dependencies:\n- ML Engineer availability for model development\n- DevOps support for infrastructure setup\n- PM tool admin access for integration\n- Security team review and approval\n- End-user availability for UAT\n\nDELIVERABLES BY PHASE\nPhase 1: Technical architecture, development environment, core infrastructure\nPhase 2: Working email processing system, ML models, PM integrations, UI\nPhase 3: Tested and validated system, user documentation, training materials\nPhase 4: Production-ready system, monitoring, support documentation\n\nQUALITY GATES\n- Code review approval for all commits\n- Unit test coverage >80%\n- Integration test pass rate >95%\n- Performance benchmarks met\n- Security scan approval\n- User acceptance criteria met\n            ",
      "confidence": 0.89
    },
    {
      "step": "quality_evaluation",
      "agent": "EvaluationAgent",
      "output": "\nQUALITY EVALUATION REPORT\nEmail Router System Project Plan\n\nOVERALL SCORE: 8.5/10\n\nDETAILED SCORING BY CRITERIA:\n\n1. Completeness (30% weight): 9/10\n\u2705 Strengths:\n- Comprehensive scope definition with clear in/out boundaries\n- Detailed timeline with realistic phase breakdown\n- Complete resource allocation and team structure\n- Thorough risk assessment with mitigation strategies\n\n\u26a0\ufe0f Areas for Improvement:\n- Could benefit from more detailed budget breakdown\n- Vendor evaluation criteria not specified\n\n2. Quality (25% weight): 8/10\n\u2705 Strengths:\n- Professional project management approach\n- Industry best practices incorporated\n- Clear success metrics and KPIs defined\n- Realistic timeline and resource estimates\n\n\u26a0\ufe0f Areas for Improvement:\n- More detailed technical specifications needed\n- Stakeholder communication plan could be enhanced\n\n3. Timeliness (20% weight): 8/10\n\u2705 Strengths:\n- 6-month timeline is realistic for scope\n- Phased approach allows for early value delivery\n- Buffer time included for testing and deployment\n\n\u26a0\ufe0f Areas for Improvement:\n- Holiday periods not accounted for in timeline\n- Dependency management could be more detailed\n\n4. Stakeholder Satisfaction (15% weight): 8/10\n\u2705 Strengths:\n- Clear business value proposition\n- User-centric design approach\n- Comprehensive training and support plan\n\n\u26a0\ufe0f Areas for Improvement:\n- Change management strategy needs development\n- User feedback loops could be more structured\n\n5. Innovation (10% weight): 9/10\n\u2705 Strengths:\n- AI/ML integration for intelligent routing\n- Modern cloud-native architecture\n- Comprehensive analytics and reporting\n\nSPECIFIC RECOMMENDATIONS:\n\n1. Risk Mitigation Enhancement:\n   - Develop detailed contingency plans for high-risk items\n   - Create fallback options for critical dependencies\n   - Implement early warning systems for risk indicators\n\n2. Stakeholder Engagement:\n   - Establish regular stakeholder review meetings\n   - Create user champion program for early adoption\n   - Develop change management communication plan\n\n3. Technical Validation:\n   - Conduct proof-of-concept for ML classification accuracy\n   - Validate integration complexity with PM tools\n   - Perform early performance testing with realistic data volumes\n\n4. Quality Assurance:\n   - Implement automated testing from early phases\n   - Establish code quality metrics and gates\n   - Plan for security reviews at each phase\n\nSUMMARY ASSESSMENT:\nThe project plan demonstrates strong project management practices with comprehensive coverage of technical, resource, and risk management aspects. The phased approach and realistic timeline provide a solid foundation for successful delivery. Key areas for enhancement include more detailed technical specifications, enhanced stakeholder engagement strategies, and robust risk mitigation planning.\n\nCONFIDENCE LEVEL: High (85%)\nThe plan shows strong alignment with industry best practices and realistic expectations for a project of this scope and complexity.\n            ",
      "confidence": 0.85
    }
  ],
  "overall_confidence": 0.89
}