{
  "workflow_execution": {
    "id": "workflow_20250717_204753",
    "timestamp": "2025-07-17T20:47:53.036578",
    "type": "comprehensive_multi_agent",
    "status": "completed",
    "duration_info": "Real-time execution",
    "overall_confidence": 0.6476190476190475,
    "execution_time_seconds": 0.006891,
    "performance_category": "fast"
  },
  "request_analysis": {
    "original_request": "\n        InnovateNext Solutions needs to implement an advanced Email Router system for their project management workflow.\n        \n        Project Requirements:\n        - Automatically route incoming project-related emails to appropriate team members based on content analysis\n        - Categorize emails by project type, priority, urgency, and department using AI classification\n        - Integrate seamlessly with existing project management tools (Jira, Asana, Microsoft Project)\n        - Provide comprehensive analytics and reporting on email routing patterns and efficiency\n        - Ensure enterprise-level security and compliance with GDPR, SOX, and company data policies\n        - Support high volume email processing (10,000+ emails/day) with real-time routing decisions\n        - Include machine learning capabilities for continuous improvement of routing accuracy\n        - Provide user-friendly dashboard for monitoring and manual override capabilities\n        \n        Technical Specifications:\n        - Cloud-native architecture with microservices design\n        - RESTful APIs for integration with existing systems\n        - Real-time processing with sub-second response times\n        - Scalable infrastructure supporting future growth\n        - Comprehensive logging and monitoring capabilities\n        \n        Success Criteria:\n        - 95%+ routing accuracy within 3 months of deployment\n        - 50% reduction in manual email sorting time\n        - Seamless integration with zero downtime\n        - User satisfaction score of 4.5/5 or higher\n        \n        Timeline: 3 months for MVP, 6 months for full implementation with advanced features.\n        Team: 5 senior developers, 2 project managers, 1 product manager, 1 DevOps engineer, 2 QA engineers.\n        Budget: $500,000 for development and first year operations.\n        ",
    "processed_context": {
      "project_type": "software_development",
      "complexity": "high",
      "team_size": 11,
      "timeline": "6 months",
      "budget": "$500,000",
      "company": "InnovateNext Solutions",
      "priority": "high",
      "evaluation_criteria": [
        "technical_feasibility",
        "scalability",
        "security",
        "user_experience",
        "integration_complexity"
      ],
      "constraints": {
        "compliance_requirements": [
          "GDPR",
          "SOX"
        ],
        "performance_requirements": [
          "10,000+ emails/day",
          "sub-second response"
        ],
        "integration_requirements": [
          "Jira",
          "Asana",
          "Microsoft Project"
        ]
      }
    },
    "routing_decision": {
      "primary_agent": "ActionPlanningAgent",
      "confidence": 0.34545454545454546,
      "alternatives": [
        {
          "agent": "ProjectManagerAgent",
          "confidence": 0.3142857142857143
        }
      ],
      "task_analysis": {
        "classification": "project_management",
        "complexity": "high",
        "domain": "project_management",
        "patterns": [
          "project_management:manage.*project",
          "project_management:timeline.*project",
          "evaluation:score.*"
        ],
        "keywords": {
          "ProjectManagerAgent": [
            "project",
            "timeline",
            "budget",
            "management"
          ],
          "AugmentedPromptAgent": [
            "improve",
            "structure"
          ],
          "RAGKnowledgePromptAgent": [
            "data"
          ],
          "EvaluationAgent": [
            "score"
          ],
          "ActionPlanningAgent": [
            "action",
            "implement",
            "workflow",
            "process"
          ]
        },
        "multi_agent_required": true,
        "urgency": "low",
        "scope": "large"
      },
      "workflow_recommendations": {
        "workflow_type": "orchestrated",
        "optimization_suggestions": [
          "Consider breaking down into smaller tasks",
          "Design clear handoff protocols between agents"
        ],
        "risk_mitigation": [
          "Implement checkpoints for quality validation",
          "Consider human oversight for quality assurance"
        ],
        "success_metrics": []
      },
      "routing_reasoning": "Analyzed task using 3 patterns and recommended ActionPlanningAgent with 0.35 confidence"
    },
    "complexity_assessment": "medium"
  },
  "agent_coordination": {
    "agents_involved": [
      "AugmentedPromptAgent",
      "KnowledgeAugmentedPromptAgent",
      "RAGKnowledgePromptAgent",
      "ProjectManagerAgent",
      "ActionPlanningAgent",
      "EvaluationAgent"
    ],
    "processing_steps": 6,
    "coordination_pattern": "orchestrated",
    "handoff_points": []
  },
  "deliverables": {
    "primary_output": "\n# Project Management Analysis\n\nBased on the request: \n        Project Management Task: comprehensive_analysis\n        \n        Project Details:\n        \n...\n\n## Project Overview\nThis project requires comprehensive planning and coordination across multiple phases.\n\n## Key Deliverables\n1. Project charter and scope definition\n2. Resource allocation and timeline planning\n3. Risk assessment and mitigation strategies\n4. Stakeholder communication plan\n\n## Timeline Estimate\n- Phase 1: Planning and Setup (2-4 weeks)\n- Phase 2: Development/Implementation (8-12 weeks)\n- Phase 3: Testing and Deployment (2-4 weeks)\n\n## Resource Requirements\n- Project Manager: 1 FTE\n- Development Team: 3-5 members\n- Quality Assurance: 1-2 members\n- Stakeholder involvement: As needed\n\n## Risk Assessment\n- Technical complexity: Medium\n- Resource availability: To be confirmed\n- Timeline constraints: Manageable with proper planning\n\n## Success Metrics\n- On-time delivery\n- Budget adherence\n- Quality standards met\n- Stakeholder satisfaction\n            ",
    "supporting_analysis": [
      "\n# Action Plan\n\n## Project Goal\n\n        ACTION PLANNING REQUEST\n        \n        Goal/Objective: \n# Project Management Analysis\n\nBa...\n\n## Phase 1: Planning (Weeks 1-2)\n### Week 1\n- [ ] Requirements gathering\n- [ ] Stakeholder interviews\n- [ ] Technical assessment\n- [ ] Resource planning\n\n### Week 2\n- [ ] Architecture design\n- [ ] Technology selection\n- [ ] Team formation\n- [ ] Project charter approval\n\n## Phase 2: Development (Weeks 3-10)\n### Weeks 3-4: Foundation\n- [ ] Environment setup\n- [ ] Core infrastructure\n- [ ] Basic functionality\n- [ ] Initial testing framework\n\n### Weeks 5-8: Core Development\n- [ ] Feature implementation\n- [ ] Integration development\n- [ ] Unit testing\n- [ ] Code reviews\n\n### Weeks 9-10: Integration\n- [ ] System integration\n- [ ] End-to-end testing\n- [ ] Performance optimization\n- [ ] Security review\n\n## Phase 3: Deployment (Weeks 11-12)\n### Week 11\n- [ ] User acceptance testing\n- [ ] Documentation completion\n- [ ] Deployment preparation\n- [ ] Training materials\n\n### Week 12\n- [ ] Production deployment\n- [ ] Monitoring setup\n- [ ] User training\n- [ ] Project closure\n\n## Success Criteria\n- All features implemented\n- Quality standards met\n- Timeline adherence\n- Budget compliance\n            ",
      "\n# Quality Evaluation Report\n\n## Item Evaluated\n\n        EVALUATION REQUEST\n        \n        Item to Evaluate:\n        Project Analysis: \n# Project Management Analysis\n\nBased on the request: \n        Project Management Task: comprehensive_analysis\n...\n\n## Evaluation Criteria\n- Completeness: 8/10\n- Clarity: 7/10\n- Technical Accuracy: 8/10\n- Usability: 7/10\n- Documentation Quality: 6/10\n\n## Overall Score: 7.2/10\n\n## Strengths\n- Well-structured approach\n- Clear objectives\n- Comprehensive coverage\n\n## Areas for Improvement\n1. Enhanced documentation needed\n2. More detailed technical specifications\n3. Better user experience considerations\n\n## Recommendations\n- Improve documentation quality\n- Add more technical details\n- Consider user feedback integration\n- Implement quality assurance processes\n\n## Next Steps\n1. Address identified gaps\n2. Implement improvements\n3. Re-evaluate after changes\n            "
    ],
    "recommendations": [
      "3. Better user experience considerations",
      "## Recommendations",
      "- Consider user feedback integration"
    ],
    "next_steps": [
      "InnovateNext ...",
      "## Next Steps",
      "## Next Steps",
      "## Next Steps",
      "- Phase 2: Development/Implementation (8-12 weeks)"
    ]
  },
  "quality_metrics": {
    "overall_score": 6.875,
    "confidence_distribution": [
      0.48888888888888893,
      0.48888888888888893,
      0.48888888888888893,
      0.7555555555555555,
      0.6888888888888888,
      0.7000000000000001
    ],
    "validation_results": {},
    "improvement_suggestions": [],
    "evaluation_details": {
      "workflow_evaluation": {
        "response": 