{
  "workflow_execution": {
    "id": "workflow_20250717_204808",
    "timestamp": "2025-07-17T20:48:08.163687",
    "type": "comprehensive_multi_agent",
    "status": "completed",
    "duration_info": "Real-time execution",
    "overall_confidence": 0.6476190476190475,
    "execution_time_seconds": 0.006508,
    "performance_category": "fast"
  },
  "request_analysis": {
    "original_request": "\n        InnovateNext Solutions needs to implement an advanced Email Router system for their project management workflow.\n        \n        Project Requirements:\n        - Automatically route incoming project-related emails to appropriate team members based on content analysis\n        - Categorize emails by project type, priority, urgency, and department using AI classification\n        - Integrate seamlessly with existing project management tools (Jira, Asana, Microsoft Project)\n        - Provide comprehensive analytics and reporting on email routing patterns and efficiency\n        - Ensure enterprise-level security and compliance with GDPR, SOX, and company data policies\n        - Support high volume email processing (10,000+ emails/day) with real-time routing decisions\n        - Include machine learning capabilities for continuous improvement of routing accuracy\n        - Provide user-friendly dashboard for monitoring and manual override capabilities\n        \n        Technical Specifications:\n        - Cloud-native architecture with microservices design\n        - RESTful APIs for integration with existing systems\n        - Real-time processing with sub-second response times\n        - Scalable infrastructure supporting future growth\n        - Comprehensive logging and monitoring capabilities\n        \n        Success Criteria:\n        - 95%+ routing accuracy within 3 months of deployment\n        - 50% reduction in manual email sorting time\n        - Seamless integration with zero downtime\n        - User satisfaction score of 4.5/5 or higher\n        \n        Timeline: 3 months for MVP, 6 months for full implementation with advanced features.\n        Team: 5 senior developers, 2 project managers, 1 product manager, 1 DevOps engineer, 2 QA engineers.\n        Budget: $500,000 for development and first year operations.\n        ",
    "processed_context": {
      "project_type": "software_development",
      "complexity": "high",
      "team_size": 11,
      "timeline": "6 months",
      "budget": "$500,000",
      "company": "InnovateNext Solutions",
      "priority": "high",
      "evaluation_criteria": [
        "technical_feasibility",
        "scalability",
        "security",
        "user_experience",
        "integration_complexity"
      ],
      "constraints": {
        "compliance_requirements": [
          "GDPR",
          "SOX"
        ],
        "performance_requirements": [
          "10,000+ emails/day",
          "sub-second response"
        ],
        "integration_requirements": [
          "Jira",
          "Asana",
          "Microsoft Project"
        ]
      }
    },
    "routing_decision": {
      "primary_agent": "ActionPlanningAgent",
      "confidence": 0.34545454545454546,
      "alternatives": [
        {
          "agent": "ProjectManagerAgent",
          "confidence": 0.3142857142857143
        }
      ],
      "task_analysis": {
        "classification": "project_management",
        "complexity": "high",
        "domain": "project_management",
        "patterns": [
          "project_management:manage.*project",
          "project_management:timeline.*project",
          "evaluation:score.*"
        ],
        "keywords": {
          "ProjectManagerAgent": [
            "project",
            "timeline",
            "budget",
            "management"
          ],
          "AugmentedPromptAgent": [
            "improve",
            "structure"
          ],
          "RAGKnowledgePromptAgent": [
            "data"
          ],
          "EvaluationAgent": [
            "score"
          ],
          "ActionPlanningAgent": [
            "action",
            "implement",
            "workflow",
            "process"
          ]
        },
        "multi_agent_required": true,
        "urgency": "low",
        "scope": "large"
      },
      "workflow_recommendations": {
        "workflow_type": "orchestrated",
        "optimization_suggestions": [
          "Consider breaking down into smaller tasks",
          "Design clear handoff protocols between agents"
        ],
        "risk_mitigation": [
          "Implement checkpoints for quality validation",
          "Consider human oversight for quality assurance"
        ],
        "success_metrics": []
      },
      "routing_reasoning": "Analyzed task using 3 patterns and recommended ActionPlanningAgent with 0.35 confidence"
    },
    "complexity_assessment": "medium"
  },
  "agent_coordination": {
    "agents_involved": [
      "AugmentedPromptAgent",
      "KnowledgeAugmentedPromptAgent",
      "RAGKnowledgePromptAgent",
      "ProjectManagerAgent",
      "ActionPlanningAgent",
      "EvaluationAgent"
    ],
    "processing_steps": 6,
    "coordination_pattern": "orchestrated",
    "handoff_points": []
  },
  "deliverables": {
    "primary_output": "\n# Project Management Analysis\n\nBased on the request: \n        Project Management Task: comprehensive_analysis\n        \n        Project Details:\n        \n...\n\n## Project Overview\nThis project requires comprehensive planning and coordination across multiple phases.\n\n## Key Deliverables\n1. Project charter and scope definition\n2. Resource allocation and timeline planning\n3. Risk assessment and mitigation strategies\n4. Stakeholder communication plan\n\n## Timeline Estimate\n- Phase 1: Planning and Setup (2-4 weeks)\n- Phase 2: Development/Implementation (8-12 weeks)\n- Phase 3: Testing and Deployment (2-4 weeks)\n\n## Resource Requirements\n- Project Manager: 1 FTE\n- Development Team: 3-5 members\n- Quality Assurance: 1-2 members\n- Stakeholder involvement: As needed\n\n## Risk Assessment\n- Technical complexity: Medium\n- Resource availability: To be confirmed\n- Timeline constraints: Manageable with proper planning\n\n## Success Metrics\n- On-time delivery\n- Budget adherence\n- Quality standards met\n- Stakeholder satisfaction\n            ",
    "supporting_analysis": [
      "\n# Action Plan\n\n## Project Goal\n\n        ACTION PLANNING REQUEST\n        \n        Goal/Objective: \n# Project Management Analysis\n\nBa...\n\n## Phase 1: Planning (Weeks 1-2)\n### Week 1\n- [ ] Requirements gathering\n- [ ] Stakeholder interviews\n- [ ] Technical assessment\n- [ ] Resource planning\n\n### Week 2\n- [ ] Architecture design\n- [ ] Technology selection\n- [ ] Team formation\n- [ ] Project charter approval\n\n## Phase 2: Development (Weeks 3-10)\n### Weeks 3-4: Foundation\n- [ ] Environment setup\n- [ ] Core infrastructure\n- [ ] Basic functionality\n- [ ] Initial testing framework\n\n### Weeks 5-8: Core Development\n- [ ] Feature implementation\n- [ ] Integration development\n- [ ] Unit testing\n- [ ] Code reviews\n\n### Weeks 9-10: Integration\n- [ ] System integration\n- [ ] End-to-end testing\n- [ ] Performance optimization\n- [ ] Security review\n\n## Phase 3: Deployment (Weeks 11-12)\n### Week 11\n- [ ] User acceptance testing\n- [ ] Documentation completion\n- [ ] Deployment preparation\n- [ ] Training materials\n\n### Week 12\n- [ ] Production deployment\n- [ ] Monitoring setup\n- [ ] User training\n- [ ] Project closure\n\n## Success Criteria\n- All features implemented\n- Quality standards met\n- Timeline adherence\n- Budget compliance\n            ",
      "\n# Quality Evaluation Report\n\n## Item Evaluated\n\n        EVALUATION REQUEST\n        \n        Item to Evaluate:\n        Project Analysis: \n# Project Management Analysis\n\nBased on the request: \n        Project Management Task: comprehensive_analysis\n...\n\n## Evaluation Criteria\n- Completeness: 8/10\n- Clarity: 7/10\n- Technical Accuracy: 8/10\n- Usability: 7/10\n- Documentation Quality: 6/10\n\n## Overall Score: 7.2/10\n\n## Strengths\n- Well-structured approach\n- Clear objectives\n- Comprehensive coverage\n\n## Areas for Improvement\n1. Enhanced documentation needed\n2. More detailed technical specifications\n3. Better user experience considerations\n\n## Recommendations\n- Improve documentation quality\n- Add more technical details\n- Consider user feedback integration\n- Implement quality assurance processes\n\n## Next Steps\n1. Address identified gaps\n2. Implement improvements\n3. Re-evaluate after changes\n            "
    ],
    "recommendations": [
      "3. Better user experience considerations",
      "## Recommendations",
      "- Consider user feedback integration"
    ],
    "next_steps": [
      "InnovateNext ...",
      "## Next Steps",
      "## Next Steps",
      "## Next Steps",
      "- Phase 2: Development/Implementation (8-12 weeks)"
    ]
  },
  "quality_metrics": {
    "overall_score": 6.875,
    "confidence_distribution": [
      0.48888888888888893,
      0.48888888888888893,
      0.48888888888888893,
      0.7555555555555555,
      0.6888888888888888,
      0.7000000000000001
    ],
    "validation_results": {},
    "improvement_suggestions": [],
    "evaluation_details": {
      "workflow_evaluation": {
        "response": {
          "success": true,
          "content": "\n# Quality Evaluation Report\n\n## Item Evaluated\n\n        EVALUATION REQUEST\n        \n        Item to Evaluate:\n        \n        Workflow Type: comprehensive_multi_agent\n        Agents Used: AugmentedPromptAgent, KnowledgeAugmentedPromptAgent, RAGKn...\n\n## Evaluation Criteria\n- Completeness: 8/10\n- Clarity: 7/10\n- Technical Accuracy: 8/10\n- Usability: 7/10\n- Documentation Quality: 6/10\n\n## Overall Score: 7.2/10\n\n## Strengths\n- Well-structured approach\n- Clear objectives\n- Comprehensive coverage\n\n## Areas for Improvement\n1. Enhanced documentation needed\n2. More detailed technical specifications\n3. Better user experience considerations\n\n## Recommendations\n- Improve documentation quality\n- Add more technical details\n- Consider user feedback integration\n- Implement quality assurance processes\n\n## Next Steps\n1. Address identified gaps\n2. Implement improvements\n3. Re-evaluate after changes\n            ",
          "metadata": {
            "agent_type": "EvaluationAgent",
            "evaluation_type": "project_deliverable",
            "scoring_scale": "1-10",
            "criteria_evaluated": [
              "completeness",
              "quality",
              "usability",
              "documentation",
              "maintainability",
              "performance",
              "security",
              "scalability"
            ],
            "individual_scores": {
              "completeness": 8.0,
              "quality": 6.0,
              "usability": 7.0,
              "documentation": 6.0,
              "maintainability": 7.0,
              "performance": 7.0,
              "security": 7.0,
              "scalability": 7.0
            },
            "overall_score": 6.875,
            "recommendation_priority": "Low",
            "compliance_status": "Partial"
          },
          "confidence_score": 0.6444444444444445,
          "reasoning": "Conducted comprehensive project_deliverable evaluation using 8 criteria with 1-10 scoring scale"
        },
        "score": 6.875
      },
      "output_evaluation": {
        "response": {
          "success": true,
          "content": "\n# Quality Evaluation Report\n\n## Item Evaluated\n\n        EVALUATION REQUEST\n        \n        Item to Evaluate:\n        \n# Project Management Analysis\n\nBased on the request: \n        Project Management Task: comprehensive_analysis\n        \n        P...\n\n## Evaluation Criteria\n- Completeness: 8/10\n- Clarity: 7/10\n- Technical Accuracy: 8/10\n- Usability: 7/10\n- Documentation Quality: 6/10\n\n## Overall Score: 7.2/10\n\n## Strengths\n- Well-structured approach\n- Clear objectives\n- Comprehensive coverage\n\n## Areas for Improvement\n1. Enhanced documentation needed\n2. More detailed technical specifications\n3. Better user experience considerations\n\n## Recommendations\n- Improve documentation quality\n- Add more technical details\n- Consider user feedback integration\n- Implement quality assurance processes\n\n## Next Steps\n1. Address identified gaps\n2. Implement improvements\n3. Re-evaluate after changes\n            ",
          "metadata": {
            "agent_type": "EvaluationAgent",
            "evaluation_type": "project_deliverable",
            "scoring_scale": "1-10",
            "criteria_evaluated": [
              "completeness",
              "quality",
              "usability",
              "documentation",
              "maintainability",
              "performance",
              "security",
              "scalability"
            ],
            "individual_scores": {
              "completeness": 8.0,
              "quality": 6.0,
              "usability": 7.0,
              "documentation": 6.0,
              "maintainability": 7.0,
              "performance": 7.0,
              "security": 7.0,
              "scalability": 7.0
            },
            "overall_score": 6.875,
            "recommendation_priority": "Low",
            "compliance_status": "Partial"
          },
          "confidence_score": 0.7000000000000001,
          "reasoning": "Conducted comprehensive project_deliverable evaluation using 8 criteria with 1-10 scoring scale"
        },
        "score": 6.875
      },
      "specialized_evaluations": [
        {
          "evaluation_type": "project_management",
          "response": {
            "success": true,
            "content": "\n# Quality Evaluation Report\n\n## Item Evaluated\n\n        EVALUATION REQUEST\n        \n        Item to Evaluate:\n        \n# Project Management Analysis\n\nBased on the request: \n        Project Management Task: comprehensive_analysis\n        \n        P...\n\n## Evaluation Criteria\n- Completeness: 8/10\n- Clarity: 7/10\n- Technical Accuracy: 8/10\n- Usability: 7/10\n- Documentation Quality: 6/10\n\n## Overall Score: 7.2/10\n\n## Strengths\n- Well-structured approach\n- Clear objectives\n- Comprehensive coverage\n\n## Areas for Improvement\n1. Enhanced documentation needed\n2. More detailed technical specifications\n3. Better user experience considerations\n\n## Recommendations\n- Improve documentation quality\n- Add more technical details\n- Consider user feedback integration\n- Implement quality assurance processes\n\n## Next Steps\n1. Address identified gaps\n2. Implement improvements\n3. Re-evaluate after changes\n            ",
            "metadata": {
              "agent_type": "EvaluationAgent",
              "evaluation_type": "custom",
              "scoring_scale": "1-10",
              "criteria_evaluated": [
                "planning_quality",
                "resource_allocation",
                "risk_management",
                "stakeholder_engagement",
                "timeline_feasibility"
              ],
              "individual_scores": {
                "planning_quality": 7.0,
                "resource_allocation": 7.0,
                "risk_management": 7.0,
                "stakeholder_engagement": 7.0,
                "timeline_feasibility": 7.0
              },
              "overall_score": 7.0,
              "recommendation_priority": "Low",
              "compliance_status": "Partial"
            },
            "confidence_score": 0.7000000000000001,
            "reasoning": "Conducted comprehensive custom evaluation using 5 criteria with 1-10 scoring scale"
          },
          "specialized_metrics": {
            "weighted_score": 7.000000000000001,
            "breakdown": {
              "planning_quality": {
                "score": 7.0,
                "weight": 0.25,
                "contribution": 1.75
              },
              "resource_allocation": {
                "score": 7.0,
                "weight": 0.2,
                "contribution": 1.4000000000000001
              },
              "risk_management": {
                "score": 7.0,
                "weight": 0.2,
                "contribution": 1.4000000000000001
              },
              "stakeholder_engagement": {
                "score": 7.0,
                "weight": 0.15,
                "contribution": 1.05
              },
              "timeline_feasibility": {
                "score": 7.0,
                "weight": 0.2,
                "contribution": 1.4000000000000001
              }
            },
            "total_weight": 1.0
          },
          "context": "Project management output evaluation"
        },
        {
          "evaluation_type": "action_plan",
          "response": {
            "success": true,
            "content": "\n# Quality Evaluation Report\n\n## Item Evaluated\n\n        EVALUATION REQUEST\n        \n        Item to Evaluate:\n        \n# Action Plan\n\n## Project Goal\n\n        ACTION PLANNING REQUEST\n        \n        Goal/Objective: \n# Project Management Analysis\n...\n\n## Evaluation Criteria\n- Completeness: 8/10\n- Clarity: 7/10\n- Technical Accuracy: 8/10\n- Usability: 7/10\n- Documentation Quality: 6/10\n\n## Overall Score: 7.2/10\n\n## Strengths\n- Well-structured approach\n- Clear objectives\n- Comprehensive coverage\n\n## Areas for Improvement\n1. Enhanced documentation needed\n2. More detailed technical specifications\n3. Better user experience considerations\n\n## Recommendations\n- Improve documentation quality\n- Add more technical details\n- Consider user feedback integration\n- Implement quality assurance processes\n\n## Next Steps\n1. Address identified gaps\n2. Implement improvements\n3. Re-evaluate after changes\n            ",
            "metadata": {
              "agent_type": "EvaluationAgent",
              "evaluation_type": "custom",
              "scoring_scale": "1-10",
              "criteria_evaluated": [
                "completeness",
                "clarity",
                "sequencing",
                "resource_requirements",
                "success_metrics"
              ],
              "individual_scores": {
                "completeness": 8.0,
                "clarity": 7.0,
                "sequencing": 7.0,
                "resource_requirements": 7.0,
                "success_metrics": 7.0
              },
              "overall_score": 7.2,
              "recommendation_priority": "Low",
              "compliance_status": "Partial"
            },
            "confidence_score": 0.8111111111111112,
            "reasoning": "Conducted comprehensive custom evaluation using 5 criteria with 1-10 scoring scale"
          },
          "specialized_metrics": {
            "weighted_score": 7.250000000000001,
            "breakdown": {
              "completeness": {
                "score": 8.0,
                "weight": 0.25,
                "contribution": 2.0
              },
              "clarity": {
                "score": 7.0,
                "weight": 0.2,
                "contribution": 1.4000000000000001
              },
              "sequencing": {
                "score": 7.0,
                "weight": 0.2,
                "contribution": 1.4000000000000001
              },
              "resource_requirements": {
                "score": 7.0,
                "weight": 0.15,
                "contribution": 1.05
              },
              "success_metrics": {
                "score": 7.0,
                "weight": 0.2,
                "contribution": 1.4000000000000001
              }
            },
            "total_weight": 1.0
          },
          "context": "Action plan quality evaluation"
        }
      ]
    }
  },
  "metadata": {
    "processing_metadata": {
      "agents_used": [
        "AugmentedPromptAgent",
        "KnowledgeAugmentedPromptAgent",
        "RAGKnowledgePromptAgent",
        "ProjectManagerAgent",
        "ActionPlanningAgent",
        "EvaluationAgent"
      ],
      "total_processing_steps": 6,
      "confidence_scores": [],
      "processing_summary": {
        "AugmentedPromptAgent_enhancement_type": "project_focused",
        "AugmentedPromptAgent_task_domain": "project_management",
        "AugmentedPromptAgent_target_audience": "project_managers",
        "AugmentedPromptAgent_original_analysis": {
          "length": 1853,
          "structure_quality": "poor",
          "clarity_level": "medium",
          "context_completeness": "minimal",
          "specificity_score": 0.5,
          "gaps": [
            "Missing context/background",
            "Missing output format specification",
            "Missing examples",
            "Missing clear request/question"
          ]
        },
        "AugmentedPromptAgent_improvement_metrics": {
          "length_increase": -1137,
          "structure_improvement": "moderate",
          "clarity_improvement": "maintained",
          "specificity_improvement": 0.5
        },
        "AugmentedPromptAgent_enhancement_categories": [
          "structural",
          "formatting"
        ],
        "AugmentedPromptAgent_reusability_score": 0.0,
        "KnowledgeAugmentedPromptAgent_domain": "project_management",
        "KnowledgeAugmentedPromptAgent_expertise_level": "advanced",
        "KnowledgeAugmentedPromptAgent_frameworks_applied": [
          "PMI",
          "Agile"
        ],
        "KnowledgeAugmentedPromptAgent_knowledge_base_used": "project_management",
        "KnowledgeAugmentedPromptAgent_integration_analysis": {
          "framework_mentions": 0,
          "best_practices_integrated": 3,
          "principles_applied": 0,
          "tools_referenced": 0,
          "expertise_level_demonstrated": "basic",
          "practical_applicability": "theoretical"
        },
        "KnowledgeAugmentedPromptAgent_best_practices_count": 5,
        "KnowledgeAugmentedPromptAgent_frameworks_available": 5,
        "KnowledgeAugmentedPromptAgent_knowledge_depth": "surface",
        "RAGKnowledgePromptAgent_domain": "project_management",
        "RAGKnowledgePromptAgent_search_depth": "deep",
        "RAGKnowledgePromptAgent_sources_retrieved": 1,
        "RAGKnowledgePromptAgent_knowledge_synthesis": {
          "key_themes": [
            "agile",
            "waterfall"
          ],
          "common_patterns": [
            "Common attribute: tools",
            "Common attribute: success_factors",
            "Common attribute: key_principles"
          ],
          "conflicting_information": [],
          "knowledge_gaps": [],
          "synthesis_confidence": 0.3101010101010101
        },
        "RAGKnowledgePromptAgent_retrieval_metrics": {
          "total_sources": 1,
          "total_items": 2,
          "average_relevance": 0.3101010101010101,
          "coverage_score": 0.0,
          "diversity_score": 0.3333333333333333
        },
        "RAGKnowledgePromptAgent_source_types_used": [
          "methodologies",
          "risk_management",
          "stakeholder_management"
        ],
        "RAGKnowledgePromptAgent_knowledge_coverage": "moderate",
        "ProjectManagerAgent_task_type": "comprehensive_analysis",
        "ProjectManagerAgent_methodology_recommended": "Hybrid",
        "ProjectManagerAgent_estimated_duration": "6 months",
        "ProjectManagerAgent_risk_level": "Low",
        "ProjectManagerAgent_resource_complexity": "High",
        "ActionPlanningAgent_project_type": "software_development",
        "ActionPlanningAgent_complexity": "high",
        "ActionPlanningAgent_template_used": {
          "phases": [
            "Planning",
            "Design",
            "Development",
            "Testing",
            "Deployment"
          ],
          "typical_duration": "12-16 weeks",
          "key_activities": [
            "Requirements analysis",
            "Architecture design",
            "Implementation",
            "Quality assurance",
            "User acceptance testing",
            "Production deployment"
          ]
        },
        "ActionPlanningAgent_estimated_phases": 5,
        "ActionPlanningAgent_planning_approach": "detailed_structured",
        "ActionPlanningAgent_resource_intensity": "high",
        "ActionPlanningAgent_timeline_feasibility": "feasible",
        "ActionPlanningAgent_planning_metadata": {
          "phases_identified": 5,
          "has_timeline": true,
          "has_milestones": false,
          "has_resources": true,
          "has_risks": false,
          "structure_quality": "poor"
        },
        "EvaluationAgent_evaluation_type": "project_deliverable",
        "EvaluationAgent_scoring_scale": "1-10",
        "EvaluationAgent_criteria_evaluated": [
          "completeness",
          "quality",
          "usability",
          "documentation",
          "maintainability",
          "performance",
          "security",
          "scalability"
        ],
        "EvaluationAgent_individual_scores": {
          "completeness": 8.0,
          "quality": 6.0,
          "usability": 7.0,
          "documentation": 6.0,
          "maintainability": 7.0,
          "performance": 7.0,
          "security": 7.0,
          "scalability": 7.0
        },
        "EvaluationAgent_overall_score": 6.875,
        "EvaluationAgent_recommendation_priority": "Low",
        "EvaluationAgent_compliance_status": "Partial"
      }
    },
    "performance_metrics": {},
    "system_info": {
      "version": "2.0",
      "capabilities": "Enhanced multi-agent workflow with evaluation"
    }
  }
}